width_pitch,width_rib_a,width_rib_air,height_anode,height_cathode,height_electrolyte,current,max_temperature,min_temperature,Delta_T
1.8,0.8,0.8,0.36,0.02,0.01,3875.31644053338,1060.39063096357,955.53629989044,104.85433107313
1.8,0.8,0.8,0.36,0.02,0.014,3697.24082275763,1060.98721397706,960.763210096465,100.224003880595
1.8,0.8,0.8,0.36,0.025,0.01,3880.45292488549,1060.3816156938,955.395883446013,104.985732247787
1.8,0.8,0.8,0.36,0.025,0.014,3702.17074208019,1060.97856559705,960.626946459156,100.351619137894
1.8,0.8,0.8,0.36,0.03,0.01,3884.18770823265,1060.3771321674,955.293455267547,105.083676899853
1.8,0.8,0.8,0.36,0.03,0.014,3705.74658079995,1060.97425708711,960.527524926221,100.446732160889
1.8,0.8,0.8,0.41,0.02,0.01,3718.11682029002,1060.908083312,960.146106708196,100.761976603804
1.8,0.8,0.8,0.41,0.02,0.014,3554.927721546,1061.44956209177,964.950017136553,96.4995449552171
1.8,0.8,0.8,0.41,0.025,0.01,3723.27729396187,1060.89919164585,960.004477851516,100.894713794334
1.8,0.8,0.8,0.41,0.025,0.014,3559.82936442965,1061.44110471638,964.813708962702,96.6273957536781
1.8,0.8,0.8,0.41,0.03,0.01,3727.02323437585,1060.89476865994,959.90086272802,100.99390593192
1.8,0.8,0.8,0.41,0.03,0.014,3563.38523257541,1061.43697084388,964.714533299415,96.722437544465
1.8,0.8,0.8,0.46,0.02,0.01,3568.31379606431,1061.39789337082,964.552150892883,96.8457424779369
1.8,0.8,0.8,0.46,0.02,0.014,3419.57945811862,1061.88816800931,968.941488146178,92.946679863132
1.8,0.8,0.8,0.46,0.025,0.01,3573.416419225,1061.38910645442,964.41065803169,96.97844842273
1.8,0.8,0.8,0.46,0.025,0.014,3424.41783884515,1061.87995169962,968.806911677143,93.073040022477
1.8,0.8,0.8,0.46,0.03,0.01,3577.12144474715,1061.38477816922,964.307539901417,97.077238267803
1.8,0.8,0.8,0.46,0.03,0.014,3427.92106399419,1061.87595704656,968.708800933839,93.1671561127209
1.8,0.8,1,0.36,0.02,0.01,3844.9928806199,1062.61960983509,956.368173311358,106.251436523732
1.8,0.8,1,0.36,0.02,0.014,3668.07423921959,1063.11076674909,961.570934894273,101.539831854817
1.8,0.8,1,0.36,0.025,0.01,3853.2469174676,1062.60379833365,956.146170677828,106.457627655822
1.8,0.8,1,0.36,0.025,0.014,3676.00225441528,1063.0954988726,961.355218910949,101.740279961651
1.8,0.8,1,0.36,0.03,0.01,3859.48115028329,1062.5929301428,955.977978848006,106.614951294794
1.8,0.8,1,0.36,0.03,0.014,3681.97592911922,1063.08502453319,961.191700999424,101.893323533766
1.8,0.8,1,0.41,0.02,0.01,3687.88481467198,1063.05044380901,960.981755706199,102.068688102811
1.8,0.8,1,0.41,0.02,0.014,3526.10489082602,1063.4954460623,965.751489590296,97.743956472004
1.8,0.8,1,0.41,0.025,0.01,3696.16155369908,1063.03453099578,960.757064831054,102.277466164726
1.8,0.8,1,0.41,0.025,0.014,3533.99677459393,1063.48025284664,965.535718453947,97.9445343926931
1.8,0.8,1,0.41,0.03,0.01,3702.40391557371,1063.0235919688,960.586593517566,102.436998451234
1.8,0.8,1,0.41,0.03,0.014,3539.93922386501,1063.46987697824,965.372428629851,98.0974483483891
1.8,0.8,1,0.46,0.02,0.01,3538.53542479565,1063.45676487051,965.378363850154,98.078401020356
1.8,0.8,1,0.46,0.02,0.014,3391.32949287766,1063.85937003559,969.731373481712,94.127996553878
1.8,0.8,1,0.46,0.025,0.01,3546.7424147272,1063.44097668083,965.154786923696,98.2861897571341
1.8,0.8,1,0.46,0.025,0.014,3399.12130940546,1063.84431368817,969.517110644796,94.3272030433739
1.8,0.8,1,0.46,0.03,0.01,3552.92556735223,1063.43015320251,964.985308575564,98.444844626946
1.8,0.8,1,0.46,0.03,0.014,3404.98226307237,1063.83406454168,969.355175732758,94.478888808922
1.8,0.8,1.2,0.36,0.02,0.01,3817.89770359299,1064.826942936,957.154728021935,107.672214914065
1.8,0.8,1.2,0.36,0.02,0.014,3642.15455974347,1065.21327983066,962.326573241674,102.886706588986
1.8,0.8,1.2,0.36,0.025,0.01,3828.52542150569,1064.80717770769,956.864029926717,107.943147780973
1.8,0.8,1.2,0.36,0.025,0.014,3652.35698841718,1065.19433795555,962.045326091489,103.149011864061
1.8,0.8,1.2,0.36,0.03,0.01,3836.67706468017,1064.79235921794,956.640300152855,108.152059065085
1.8,0.8,1.2,0.36,0.03,0.014,3660.17303309361,1065.18018090716,961.829386420783,103.350794486377
1.8,0.8,1.2,0.41,0.02,0.01,3661.08589414107,1065.16920914276,961.763016451537,103.406192691223
1.8,0.8,1.2,0.41,0.02,0.014,3500.67322424397,1065.5188898902,966.497279756193,99.0216101340069
1.8,0.8,1.2,0.41,0.025,0.01,3671.74302388587,1065.14948188855,961.470400475011,103.679081413539
1.8,0.8,1.2,0.41,0.025,0.014,3510.82657430799,1065.50005532718,966.215962047529,99.284093279651
1.8,0.8,1.2,0.41,0.03,0.01,3679.90607213122,1065.13468761018,961.244959753211,103.889727856969
1.8,0.8,1.2,0.41,0.03,0.014,3518.58761820342,1065.48596227532,965.999564148153,99.4863981271669
1.8,0.8,1.2,0.46,0.02,0.01,3512.30357283283,1065.49114819092,966.146388409985,99.3447597809351
1.8,0.8,1.2,0.46,0.02,0.014,3366.50299905856,1065.80719588878,970.461241051784,95.3459548369959
1.8,0.8,1.2,0.46,0.025,0.01,3522.86475586604,1065.47160150305,965.854841568222,99.6167599348279
1.8,0.8,1.2,0.46,0.025,0.014,3376.53606894139,1065.78857203857,970.181979010524,95.6065930280461
1.8,0.8,1.2,0.46,0.03,0.01,3530.93741460461,1065.45692507513,965.629849598094,99.8270754770359
1.8,0.8,1.2,0.46,0.03,0.014,3384.19835495803,1065.77467900241,969.967716024641,95.806962977769
1.8,1,0.8,0.36,0.02,0.01,3858.75137154524,1060.10661386825,956.048800831703,104.057813036547
1.8,1,0.8,0.36,0.02,0.014,3682.24777295216,1060.71150266631,961.228202075768,99.4833005905421
1.8,1,0.8,0.36,0.025,0.01,3863.19714430209,1060.09942664204,955.923664665016,104.175761977024
1.8,1,0.8,0.36,0.025,0.014,3686.5103123001,1060.70466987356,961.107345679732,99.5973241938281
1.8,1,0.8,0.36,0.03,0.01,3866.39442079257,1060.09645473739,955.833671943507,104.262782793883
1.8,1,0.8,0.36,0.03,0.014,3689.57752212065,1060.7018708716,961.020950839507,99.680920032093
1.8,1,0.8,0.41,0.02,0.01,3703.0590920779,1060.63386925821,960.614010615839,100.019858642371
1.8,1,0.8,0.41,0.02,0.014,3541.27871567378,1061.18314006971,965.373799251745,95.8093408179649
1.8,1,0.8,0.41,0.025,0.01,3707.5196037973,1060.62669514044,960.487741238161,100.138953902279
1.8,1,0.8,0.41,0.025,0.014,3545.52353848732,1061.1764705079,965.253646178855,95.9228243290449
1.8,1,0.8,0.41,0.03,0.01,3710.72350958857,1060.62365252001,960.396727610213,100.226924909797
1.8,1,0.8,0.41,0.03,0.014,3548.57388201698,1061.17376015421,965.167680895931,96.006079258279
1.8,1,0.8,0.46,0.02,0.01,3554.58031532971,1061.13291345263,964.979473374656,96.153440077974
1.8,1,0.8,0.46,0.02,0.014,3407.11396916967,1061.6306851362,969.33091527605,92.2997698601502
1.8,1,0.8,0.46,0.025,0.01,3558.99031726174,1061.12579896934,964.853656726268,96.2721422430719
1.8,1,0.8,0.46,0.025,0.014,3411.2952311954,1061.62413521438,969.211952061645,92.412183152735
1.8,1,0.8,0.46,0.03,0.01,3562.17166914796,1061.12289589158,964.764375008459,96.358520883121
1.8,1,0.8,0.46,0.03,0.014,3414.2900601256,1061.62141774991,969.126332652898,92.4950850970121
1.8,1,1,0.36,0.02,0.01,3823.47275716374,1062.60938212674,957.000651324768,105.608730801972
1.8,1,1,0.36,0.02,0.014,3648.37988076383,1063.09753295595,962.150836749436,100.946696206514
1.8,1,1,0.36,0.025,0.01,3831.67161293443,1062.5938072371,956.779979940412,105.813827296688
1.8,1,1,0.36,0.025,0.014,3656.2617990985,1063.0825004266,961.936671553905,101.145828872695
1.8,1,1,0.36,0.03,0.01,3837.87702489999,1062.58315520353,956.612841553296,105.970313650234
1.8,1,1,0.36,0.03,0.014,3662.2135559694,1063.0722391895,961.774379569234,101.297859620266
1.8,1,1,0.41,0.02,0.01,3667.95550265472,1063.03808713364,961.568185124166,101.469902009474
1.8,1,1,0.41,0.02,0.014,3507.88927603622,1063.48071866294,966.290715017345,97.1900036455951
1.8,1,1,0.41,0.025,0.01,3676.19355740351,1063.02247681302,961.345894460647,101.676582352373
1.8,1,1,0.41,0.025,0.014,3515.73180248729,1063.46568384438,966.075763990408,97.3899198539721
1.8,1,1,0.41,0.03,0.01,3682.40505744974,1063.01170047467,961.176096614476,101.835603860194
1.8,1,1,0.41,0.03,0.014,3521.64716348383,1063.45545117708,965.913031815815,97.5424193612651
1.8,1,1,0.46,0.02,0.01,3519.26271044781,1063.43656786794,965.848365514289,97.5882023536511
1.8,1,1,0.46,0.02,0.014,3373.70904123147,1063.83852060154,970.173907671344,93.6646129301961
1.8,1,1,0.46,0.025,0.01,3527.67513985639,1063.42296358392,965.649482086086,97.7734814978339
1.8,1,1,0.46,0.025,0.014,3381.68341554801,1063.82522783982,969.979525313807,93.8457025260129
1.8,1,1,0.46,0.03,0.01,3534.38294562676,1063.41656211762,965.531469101319,97.8850930163011
1.8,1,1,0.46,0.03,0.014,3387.98620821362,1063.81838480486,969.857080741117,93.961304063743
1.8,1,1.2,0.36,0.02,0.01,3798.9032121967,1064.81667440851,957.71657714431,107.1000972642
1.8,1,1.2,0.36,0.02,0.014,3624.76621576529,1065.20106157057,962.842226918089,102.358834652481
1.8,1,1.2,0.36,0.025,0.01,3809.50628499299,1064.79690303187,957.425929907628,107.370973124242
1.8,1,1.2,0.36,0.025,0.014,3634.94765164098,1065.18213358897,962.561465778127,102.620667810843
1.8,1,1.2,0.36,0.03,0.01,3817.63774388126,1064.78213052655,957.202550761624,107.579579764926
1.8,1,1.2,0.36,0.03,0.014,3642.73941738022,1065.16799970989,962.345662641116,102.822337068774
1.8,1,1.2,0.41,0.02,0.01,3643.3442501567,1065.15786873224,962.288547009679,102.869321722561
1.8,1,1.2,0.41,0.02,0.014,3484.44053858485,1065.50591171719,966.979598181118,98.5263135360719
1.8,1,1.2,0.41,0.025,0.01,3653.97458047818,1065.13812655708,961.996036564591,103.142089992489
1.8,1,1.2,0.41,0.025,0.014,3494.56502002049,1065.4870429956,966.698150992765,98.7888920028349
1.8,1,1.2,0.41,0.03,0.01,3662.10987093994,1065.12333582372,961.770490926894,103.352844896826
1.8,1,1.2,0.41,0.03,0.014,3502.30619558596,1065.47298089196,966.482143418234,98.9908374737261
1.8,1,1.2,0.46,0.02,0.01,3495.74958875758,1065.4790495335,966.637826266629,98.8412232668711
1.8,1,1.2,0.46,0.02,0.014,3351.31578991266,1065.79365888222,970.912164333932,94.881494548288
1.8,1,1.2,0.46,0.025,0.01,3506.2725023986,1065.45941637497,966.345464570546,99.113951804424
1.8,1,1.2,0.46,0.025,0.014,3361.32241223486,1065.77500598494,970.632956909367,95.142049075573
1.8,1,1.2,0.46,0.03,0.01,3514.34110231445,1065.44487754199,966.12254246401,99.32233507798
1.8,1,1.2,0.46,0.03,0.014,3368.97634953366,1065.7612016336,970.420047844245,95.341153789355
1.8,1.2,0.8,0.36,0.02,0.01,3832.68468625123,1060.31849778371,956.794702801617,103.523794982093
1.8,1.2,0.8,0.36,0.02,0.014,3658.3956364002,1060.90974966278,961.913709168982,98.9960404937981
1.8,1.2,0.8,0.36,0.025,0.01,3837.6040340074,1060.31086659561,956.659756300367,103.651110295243
1.8,1.2,0.8,0.36,0.025,0.014,3663.10612513542,1060.9024196847,961.782762735584,99.1196569491159
1.8,1.2,0.8,0.36,0.03,0.01,3841.16109973291,1060.30762461601,956.561428349058,103.746196266952
1.8,1.2,0.8,0.36,0.03,0.014,3666.52828007172,1060.89946270615,961.689040284699,99.210422421451
1.8,1.2,0.8,0.41,0.02,0.01,3678.69068344953,1060.83687928423,961.313387075825,99.5234922084051
1.8,1.2,0.8,0.41,0.02,0.014,3518.99062662876,1061.37394763157,966.017332816206,95.356614815364
1.8,1.2,0.8,0.41,0.025,0.01,3683.61850327703,1060.82916603524,961.177382791322,99.651783243918
1.8,1.2,0.8,0.41,0.025,0.014,3523.66942688564,1061.36664368074,965.886701080816,95.479942599924
1.8,1.2,0.8,0.41,0.03,0.01,3687.18358428559,1060.82585062184,961.078641018495,99.7472096033449
1.8,1.2,0.8,0.41,0.03,0.014,3527.05657459204,1061.36360777702,965.792654860416,95.570952916604
1.8,1.2,0.8,0.46,0.02,0.01,3531.80614955984,1061.32749443174,965.635664155526,95.691830276214
1.8,1.2,0.8,0.46,0.02,0.014,3386.22546464132,1061.81423178754,969.935241759213,91.8789900283269
1.8,1.2,0.8,0.46,0.025,0.01,3536.67683495204,1061.3198100343,965.500539875816,95.819270158484
1.8,1.2,0.8,0.46,0.025,0.014,3390.83902173387,1061.80705467639,969.806547868366,92.0005068080239
1.8,1.2,0.8,0.46,0.03,0.01,3540.19733957462,1061.3164570911,965.402468545989,95.9139885451109
1.8,1.2,0.8,0.46,0.03,0.014,3394.16572412556,1061.8039835679,969.713204987285,92.0907785806151
1.8,1.2,1,0.36,0.02,0.01,3811.85209387047,1062.98372158226,957.409282991495,105.574438590765
1.8,1.2,1,0.36,0.02,0.014,3638.39542125447,1063.44932385675,962.506525941294,100.942797915456
1.8,1.2,1,0.36,0.025,0.01,3818.7878867498,1062.97062418557,957.214480968196,105.756143217374
1.8,1.2,1,0.36,0.025,0.014,3645.04543818578,1063.4367718553,962.318476519952,101.118295335348
1.8,1.2,1,0.36,0.03,0.01,3823.91593577633,1062.96239688596,957.070029506475,105.892367379485
1.8,1.2,1,0.36,0.03,0.014,3649.95569973038,1063.42893717569,962.179293359431,101.249643816259
1.8,1.2,1,0.41,0.02,0.01,3657.97335258957,1063.39408865871,961.925423142525,101.468665516185
1.8,1.2,1,0.41,0.02,0.014,3499.27402687615,1063.81670024629,966.602158374782,97.2145418715081
1.8,1.2,1,0.41,0.025,0.01,3664.93182785003,1063.38097961475,961.729841639448,101.651137975302
1.8,1.2,1,0.41,0.025,0.014,3505.88554864822,1063.80419061303,966.414394026016,97.389796587014
1.8,1.2,1,0.41,0.03,0.01,3670.06412822842,1063.3726825218,961.58413356579,101.78854895601
1.8,1.2,1,0.41,0.03,0.014,3510.76546341315,1063.79640206989,966.275695367974,97.5207067019161
1.8,1.2,1,0.46,0.02,0.01,3511.45234080935,1063.78191428622,966.23722693026,97.5446873559599
1.8,1.2,1,0.46,0.02,0.014,3366.92320711383,1064.16469719688,970.506955252235,93.6577419446451
1.8,1.2,1,0.46,0.025,0.01,3518.33640848255,1063.7688762122,966.04267604688,97.7262001653199
1.8,1.2,1,0.46,0.025,0.014,3373.44679930057,1064.15233060663,970.321301664324,93.8310289423059
1.8,1.2,1,0.46,0.03,0.01,3523.41246013137,1063.76064397159,965.898086092505,97.8625578790851
1.8,1.2,1,0.46,0.03,0.014,3378.26258248747,1064.14467501438,970.184733773162,93.9599412412181
1.8,1.2,1.2,0.36,0.02,0.01,3773.68789805364,1064.82341234076,958.449068150344,106.374344190416
1.8,1.2,1.2,0.36,0.02,0.014,3601.88728100805,1065.20418835803,963.508734858028,101.695453500002
1.8,1.2,1.2,0.36,0.025,0.01,3784.23568151848,1064.80388865444,958.16107434796,106.64281430648
1.8,1.2,1.2,0.36,0.025,0.014,3612.02032880049,1065.18547930867,963.230437346491,101.955041962179
1.8,1.2,1.2,0.36,0.03,0.01,3792.34203489608,1064.78929763175,957.939332207084,106.849965424666
1.8,1.2,1.2,0.36,0.03,0.014,3619.79037137564,1065.17150202309,963.016093177024,102.155408846066
1.8,1.2,1.2,0.41,0.02,0.01,3620.1035898208,1065.16192548748,962.964505832257,102.197419655223
1.8,1.2,1.2,0.41,0.02,0.014,3463.30922975809,1065.50695313371,967.596270127575,97.9106830061351
1.8,1.2,1.2,0.41,0.025,0.01,3630.6822547185,1065.1424299281,962.674901285307,102.467528642793
1.8,1.2,1.2,0.41,0.025,0.014,3473.38777316434,1065.48828187023,967.317159668865,98.1711222013649
1.8,1.2,1.2,0.41,0.03,0.01,3638.79828364093,1065.1278396986,962.451518997301,102.676320701299
1.8,1.2,1.2,0.41,0.03,0.014,3481.11383291803,1065.47438905121,967.102971591113,98.371417460097
1.8,1.2,1.2,0.46,0.02,0.01,3474.27999855406,1065.48106025482,967.264216545048,98.216843709772
1.8,1.2,1.2,0.46,0.02,0.014,3331.7228067637,1065.79313732792,971.485714647882,94.307422680038
1.8,1.2,1.2,0.46,0.025,0.01,3484.75681808063,1065.46167546642,966.9750084631,98.48666700332
1.8,1.2,1.2,0.46,0.025,0.014,3341.69352673738,1065.77470394378,971.209348253642,94.565355690138
1.8,1.2,1.2,0.46,0.03,0.01,3492.78098868243,1065.44716255239,966.751843432581,98.6953191198089
1.8,1.2,1.2,0.46,0.03,0.014,3349.31071840066,1065.76092985006,970.996329679798,94.7646001702619
2,0.8,0.8,0.36,0.02,0.01,3648.06243095308,1056.11589726936,950.349473990513,105.766423278847
2,0.8,0.8,0.36,0.02,0.014,3487.90470829601,1056.8875995214,955.551840663779,101.335758857621
2,0.8,0.8,0.36,0.025,0.01,3652.08170901626,1056.10755330242,950.22881023023,105.87874307219
2,0.8,0.8,0.36,0.025,0.014,3491.86164232841,1056.87936930086,955.432271216556,101.447098084304
2,0.8,0.8,0.36,0.03,0.01,3654.99949467302,1056.10419428092,950.14085892626,105.96333535466
2,0.8,0.8,0.36,0.03,0.014,3494.73133785253,1056.87599308434,955.345251300765,101.530741783575
2,0.8,0.8,0.41,0.02,0.01,3514.08487704696,1056.74437162084,954.698589267877,102.045782352963
2,0.8,0.8,0.41,0.02,0.014,3364.50121214244,1057.45541281049,959.571952398221,97.8834604122691
2,0.8,0.8,0.41,0.025,0.01,3518.20891819983,1056.73600221115,954.573848236725,102.162153974425
2,0.8,0.8,0.41,0.025,0.014,3368.48023808019,1057.44734317641,959.450464760495,97.9968784159149
2,0.8,0.8,0.41,0.03,0.01,3521.20707779573,1056.73271448076,954.483288457091,102.249426023669
2,0.8,0.8,0.41,0.03,0.014,3371.36440384053,1057.44413221426,959.362071808592,98.082060405668
2,0.8,0.8,0.46,0.02,0.01,3383.93088446916,1057.34935076953,958.93488987514,98.41446089439
2,0.8,0.8,0.46,0.02,0.014,3245.70074176021,1058.00066891575,963.450453303254,94.5502156124961
2,0.8,0.8,0.46,0.025,0.01,3388.07651842542,1057.34105388795,958.808879687221,98.5321742007291
2,0.8,0.8,0.46,0.025,0.014,3249.66198197105,1057.99278326314,963.328916728028,94.6638665351119
2,0.8,0.8,0.46,0.03,0.01,3391.0877793144,1057.33781326577,958.717344845609,98.6204684201609
2,0.8,0.8,0.46,0.03,0.014,3252.53248455048,1057.98972499772,963.240618304648,94.749106693072
2,0.8,1,0.36,0.02,0.01,3630.85708597494,1059.60701364096,950.898421984318,108.708591656642
2,0.8,1,0.36,0.02,0.014,3470.9272656087,1060.21938335873,956.098672104436,104.120711254294
2,0.8,1,0.36,0.025,0.01,3636.75057716972,1059.59340472053,950.719740969862,108.873663750668
2,0.8,1,0.36,0.025,0.014,3476.6990265212,1060.2059836742,955.921137488115,104.284846186085
2,0.8,1,0.36,0.03,0.01,3641.12133760076,1059.58533375161,950.586731995599,108.998601756011
2,0.8,1,0.36,0.03,0.014,3480.97944721568,1060.19802539078,955.789394207404,104.408631183376
2,0.8,1,0.41,0.02,0.01,3496.52561825113,1060.1101226309,955.262766890964,104.847355739936
2,0.8,1,0.41,0.02,0.014,3347.49245668409,1060.6734412272,960.120886756251,100.552554470949
2,0.8,1,0.41,0.025,0.01,3502.54470175791,1060.09622893575,955.077724812036,105.018504123714
2,0.8,1,0.41,0.025,0.014,3353.30180655115,1060.66012942047,959.941563631469,100.718565789001
2,0.8,1,0.41,0.03,0.01,3507.0188064637,1060.08804684156,954.940849826083,105.147197015477
2,0.8,1,0.41,0.03,0.014,3357.60444435183,1060.65222756856,959.808273314306,100.843954254254
2,0.8,1,0.46,0.02,0.01,3366.36640974007,1060.59293660149,959.501333985169,101.091602616321
2,0.8,1,0.46,0.02,0.014,3228.85571200734,1061.10844319261,963.99557441929,97.1128687733199
2,0.8,1,0.46,0.025,0.01,3372.41572475618,1060.57909326771,959.315066560527,101.264026707183
2,0.8,1,0.46,0.025,0.014,3234.64564423271,1061.09530691998,963.816749618869,97.2785573011109
2,0.8,1,0.46,0.03,0.01,3376.9000621768,1060.57085208818,959.17646952338,101.3943825648
2,0.8,1,0.46,0.03,0.014,3238.92722346273,1061.08750707488,963.683626896109,97.403880178771
2,0.8,1.2,0.36,0.02,0.01,3602.26664290032,1061.98654083063,951.756204315919,110.230336514711
2,0.8,1.2,0.36,0.02,0.014,3442.98005354291,1062.49110470954,956.946975968662,105.544128740878
2,0.8,1.2,0.36,0.025,0.01,3610.76558515134,1061.96780347361,951.504271659331,110.463531814279
2,0.8,1.2,0.36,0.025,0.014,3451.29118212234,1062.47266450097,956.697292493808,105.775372007162
2,0.8,1.2,0.36,0.03,0.01,3617.29409759069,1061.95443937095,951.310563685874,110.643875685076
2,0.8,1.2,0.36,0.03,0.014,3457.66847394856,1062.45950923538,956.50516617861,105.95434305677
2,0.8,1.2,0.41,0.02,0.01,3467.63414221695,1062.40654565528,956.137659273384,106.268886381896
2,0.8,1.2,0.41,0.02,0.014,3319.68538615292,1062.86966667343,960.970976677218,101.898689996212
2,0.8,1.2,0.41,0.025,0.01,3476.30002481998,1062.38736405631,955.87833326907,106.50903078724
2,0.8,1.2,0.41,0.025,0.014,3328.04789231435,1062.85111123186,960.718804427882,102.132306803978
2,0.8,1.2,0.41,0.03,0.01,3482.94923213547,1062.3736261429,955.678241409053,106.695384733847
2,0.8,1.2,0.41,0.03,0.014,3334.44874427731,1062.83782935027,960.523961555701,102.313867794569
2,0.8,1.2,0.46,0.02,0.01,3337.63752455702,1062.80786360816,960.377556257736,102.430307350424
2,0.8,1.2,0.46,0.02,0.014,3201.42093480704,1063.23104554941,964.839548699651,98.3914968497591
2,0.8,1.2,0.46,0.025,0.01,3346.33780319552,1062.78855098604,960.116020661761,102.672530324279
2,0.8,1.2,0.46,0.025,0.014,3209.75015953059,1063.21245074585,964.586683473898,98.625767271952
2,0.8,1.2,0.46,0.03,0.01,3353.00623433392,1062.77472699272,959.914143674068,102.860583318652
2,0.8,1.2,0.46,0.03,0.014,3216.1266877369,1063.19922654302,964.392163253578,98.8070632894419
2,1,0.8,0.36,0.02,0.01,3638.45706833373,1056.21476250336,950.691772076268,105.522990427092
2,1,0.8,0.36,0.02,0.014,3479.1179485377,1056.97826955505,955.866807919818,101.111461635232
2,1,0.8,0.36,0.025,0.01,3641.81183210686,1056.20921598727,950.587957589463,105.621258397807
2,1,0.8,0.36,0.025,0.014,3482.40590043883,1056.9727275413,955.76381597158,101.20891156972
2,1,0.8,0.36,0.03,0.01,3644.2093392246,1056.20821499992,950.513397063757,105.694817936163
2,1,0.8,0.36,0.03,0.014,3484.76400951008,1056.97171420316,955.690800741544,101.280913461616
2,1,0.8,0.41,0.02,0.01,3505.30513530118,1056.83907515759,955.013473162348,101.825601995242
2,1,0.8,0.41,0.02,0.014,3356.50746927138,1057.54271966113,959.859280661236,97.683438999894
2,1,0.8,0.41,0.025,0.01,3508.74451171485,1056.83346329111,954.906408548047,101.927054743063
2,1,0.8,0.41,0.025,0.014,3359.81991555251,1057.53734921896,959.755432600535,97.7819166184249
2,1,0.8,0.41,0.03,0.01,3511.20396856538,1056.83244077919,954.829628812712,102.002811966478
2,1,0.8,0.41,0.03,0.014,3362.19191546278,1057.53644638551,959.681578817813,97.8548675676971
2,1,0.8,0.46,0.02,0.01,3375.91814196969,1057.43996895653,959.224071449173,98.215897507357
2,1,0.8,0.46,0.02,0.014,3238.41820038314,1058.08478334888,963.714460903209,94.3703224456709
2,1,0.8,0.46,0.025,0.01,3379.37200801945,1057.43437161546,959.116059664074,98.3183119513859
2,1,0.8,0.46,0.025,0.014,3241.71451167847,1058.07953851787,963.610786674486,94.4687518433841
2,1,0.8,0.46,0.03,0.01,3381.84671016327,1057.43339573208,959.039111770418,98.394283961662
2,1,0.8,0.46,0.03,0.014,3244.06750129456,1058.07864912016,963.536609930808,94.542039189352
2,1,1,0.36,0.02,0.01,3615.8661245542,1059.58445927488,951.382420721122,108.202038553758
2,1,1,0.36,0.02,0.014,3456.92917822983,1060.19476630369,956.55110051757,103.64366578612
2,1,1,0.36,0.025,0.01,3621.74344384022,1059.57114692719,951.20456588864,108.36658103855
2,1,1,0.36,0.025,0.014,3462.68977038511,1060.18169323126,956.374999008595,103.806694222665
2,1,1,0.36,0.03,0.01,3626.10451687668,1059.56328377455,951.07164934006,108.49163443449
2,1,1,0.36,0.03,0.014,3466.96595622643,1060.17398465276,956.244007952566,103.929976700194
2,1,1,0.41,0.02,0.01,3482.37972634567,1060.08625858955,955.719097301894,104.367161287656
2,1,1,0.41,0.02,0.014,3334.39681928652,1060.64792800835,960.545967755551,100.101960252799
2,1,1,0.41,0.025,0.01,3488.39451386692,1060.07275843731,955.536114179458,104.536644257852
2,1,1,0.41,0.025,0.014,3340.19417416638,1060.63489351417,960.367766816516,100.267126697654
2,1,1,0.41,0.03,0.01,3492.85822992622,1060.06477082094,955.399415153635,104.665355667305
2,1,1,0.41,0.03,0.014,3344.49388079652,1060.62722344639,960.235189891562,100.392033554828
2,1,1,0.46,0.02,0.01,3353.09539194296,1060.56839879322,959.931882418832,100.636516374388
2,1,1,0.46,0.02,0.014,3216.58858713561,1061.08244173723,964.395131922585,96.687309814645
2,1,1,0.46,0.025,0.01,3359.13270067474,1060.55484184245,959.746861261367,100.807980581083
2,1,1,0.46,0.025,0.014,3222.36357986717,1061.06951216595,964.216918866648,96.852593299302
2,1,1,0.46,0.03,0.01,3363.61296520454,1060.54682650478,959.608957071295,100.937869433485
2,1,1,0.46,0.03,0.014,3226.64151622876,1061.06190665077,964.084296530056,96.977610120714
2,1,1.2,0.36,0.02,0.01,3588.44503649366,1061.96877726402,952.211413532139,109.757363731881
2,1,1.2,0.36,0.02,0.014,3430.09686103319,1062.4717127658,957.371344330341,105.100368435459
2,1,1.2,0.36,0.025,0.01,3596.92078854783,1061.95005696755,951.95952488367,109.99053208388
2,1,1.2,0.36,0.025,0.014,3438.38610601545,1062.45333689495,957.12237181029,105.33096508466
2,1,1.2,0.36,0.03,0.01,3603.41750468214,1061.93667758778,951.765048906192,110.171628681588
2,1,1.2,0.36,0.03,0.014,3444.73311321565,1062.44020884779,956.930157834757,105.510051013033
2,1,1.2,0.41,0.02,0.01,3454.53733688951,1062.38794531571,956.568664235868,105.819281079842
2,1,1.2,0.41,0.02,0.014,3307.5629897354,1062.84966871583,961.370698560467,101.478970155363
2,1,1.2,0.41,0.025,0.01,3463.17770723912,1062.36879069515,956.30957509202,106.05921560313
2,1,1.2,0.41,0.025,0.014,3315.90041488176,1062.83113981345,961.118874622831,101.712265190619
2,1,1.2,0.41,0.03,0.01,3469.80014095214,1062.35508377557,956.109438475881,106.245645299689
2,1,1.2,0.41,0.03,0.014,3322.28155846637,1062.81794322403,960.924709378974,101.893233845056
2,1,1.2,0.46,0.02,0.01,3325.29392239823,1062.78879209827,960.784778273332,102.004013824938
2,1,1.2,0.46,0.02,0.014,3190.01795969543,1063.2107822714,965.216686022447,97.9940962489529
2,1,1.2,0.46,0.025,0.01,3333.96619640977,1062.76948463505,960.523364135571,102.246120499479
2,1,1.2,0.46,0.025,0.014,3198.32115709675,1063.19219291875,964.964010602872,98.2281823158779
2,1,1.2,0.46,0.03,0.01,3340.60832831613,1062.75568555812,960.321510034784,102.434175523336
2,1,1.2,0.46,0.03,0.014,3204.67760147467,1063.17903018985,964.769986361676,98.4090438281739
2,1.2,0.8,0.36,0.02,0.01,3617.7821722497,1056.04857601304,951.347617010433,104.700959002607
2,1.2,0.8,0.36,0.02,0.014,3459.93234434585,1056.81482188969,956.478603509163,100.336218380527
2,1.2,0.8,0.36,0.025,0.01,3621.49482152696,1056.0425197026,951.235923153369,104.806596549231
2,1.2,0.8,0.36,0.025,0.014,3463.56815806778,1056.80872286839,956.367517668152,100.441205200238
2,1.2,0.8,0.36,0.03,0.01,3624.15960885004,1056.04117877981,951.154615688511,104.886563091299
2,1.2,0.8,0.36,0.03,0.014,3466.18084346198,1056.80730076317,956.287353618242,100.519947144928
2,1.2,0.8,0.41,0.02,0.01,3485.86642866593,1056.67778615968,955.62686214925,101.05092401043
2,1.2,0.8,0.41,0.02,0.014,3338.5759297463,1057.38419241738,960.42945912848,96.9547332889001
2,1.2,0.8,0.41,0.025,0.01,3489.7057551471,1056.67200122857,955.515567830949,101.156433397621
2,1.2,0.8,0.41,0.025,0.014,3342.26817935218,1057.37848694661,960.32021531101,97.0582716356001
2,1.2,0.8,0.41,0.03,0.01,3492.43858215627,1056.67052805191,955.432243261592,101.238284790318
2,1.2,0.8,0.41,0.03,0.014,3344.89026129016,1057.37699832134,960.238832040642,97.1381662806979
2,1.2,0.8,0.46,0.02,0.01,3357.75224624193,1057.28429097707,959.804621949963,97.479669027107
2,1.2,0.8,0.46,0.02,0.014,3221.66219914393,1057.93153021852,964.251992327297,93.6795378912231
2,1.2,0.8,0.46,0.025,0.01,3361.56085915136,1057.27786704101,959.688128319538,97.589738721472
2,1.2,0.8,0.46,0.025,0.014,3225.29444040748,1057.92541208332,964.139506456844,93.7859056264761
2,1.2,0.8,0.46,0.03,0.01,3364.29836257095,1057.27624170294,959.603810311735,97.6724313912051
2,1.2,0.8,0.46,0.03,0.014,3227.90968106507,1057.92399775413,964.058970676457,93.865027077673
2,1.2,1,0.36,0.02,0.01,3602.02838867736,1059.29906449565,951.864516948922,107.434547546728
2,1.2,1,0.36,0.02,0.014,3444.43599482519,1059.91694433041,956.987392560056,102.929551770354
2,1.2,1,0.36,0.025,0.01,3607.30131703977,1059.28733438138,951.700906252729,107.586428128651
2,1.2,1,0.36,0.025,0.014,3449.59871206517,1059.90552859832,956.826008478542,103.079520119778
2,1.2,1,0.36,0.03,0.01,3611.16982076893,1059.28092617527,951.579666127204,107.701260048066
2,1.2,1,0.36,0.03,0.014,3453.39132405799,1059.8992436797,956.707266981586,103.191976698114
2,1.2,1,0.41,0.02,0.01,3469.89797184002,1059.80963723944,956.156131190533,103.653506048907
2,1.2,1,0.41,0.02,0.014,3323.14451136947,1060.37870637962,960.940944763888,99.4377616157321
2,1.2,1,0.41,0.025,0.01,3475.29067191068,1059.79769372788,955.987958358668,103.809735369212
2,1.2,1,0.41,0.025,0.014,3328.33276421828,1060.36719584403,960.777327206838,99.589868637192
2,1.2,1,0.41,0.03,0.01,3479.24929055686,1059.79105005879,955.863524651272,103.927525407518
2,1.2,1,0.41,0.03,0.014,3332.14646143497,1060.36084769098,960.657383320156,99.7034643708241
2,1.2,1,0.46,0.02,0.01,3341.78823983888,1060.30024007029,960.328794884114,99.9714451861761
2,1.2,1,0.46,0.02,0.014,3206.37997293129,1060.82142698373,964.754787468682,96.0666395150479
2,1.2,1,0.46,0.025,0.01,3347.20109710968,1060.2882264269,960.159250946141,100.128975480759
2,1.2,1,0.46,0.025,0.014,3211.55160472514,1060.81001362615,964.591799009681,96.218214616469
2,1.2,1,0.46,0.03,0.01,3351.169631321,1060.28143625305,960.033616701566,100.247819551484
2,1.2,1,0.46,0.03,0.014,3215.34508104527,1060.80364656299,964.471926240948,96.331720322042
2,1.2,1.2,0.36,0.02,0.01,3569.62293139763,1061.97072406089,952.821016106431,109.149707954459
2,1.2,1.2,0.36,0.02,0.014,3412.81081737724,1062.47026383207,957.933809084298,104.536454747772
2,1.2,1.2,0.36,0.025,0.01,3578.04370234415,1061.95233509913,952.571550981378,109.380784117752
2,1.2,1.2,0.36,0.025,0.014,3421.03657585046,1062.45211901924,957.686378282098,104.765740737142
2,1.2,1.2,0.36,0.03,0.01,3584.51439810106,1061.93921999108,952.378787331722,109.560432659358
2,1.2,1.2,0.36,0.03,0.014,3427.36019954082,1062.43924287424,957.495976491325,104.943266382915
2,1.2,1.2,0.41,0.02,0.01,3437.09010359304,1062.38704112197,957.134377803649,105.252663318321
2,1.2,1.2,0.41,0.02,0.014,3291.5803347772,1062.84586768598,961.891543586155,100.954324099825
2,1.2,1.2,0.41,0.025,0.01,3445.6806881344,1062.36823492319,956.878134907845,105.490100015345
2,1.2,1.2,0.41,0.025,0.014,3299.86408116562,1062.82758693221,961.641579643902,101.186007288308
2,1.2,1.2,0.41,0.03,0.01,3452.27651540462,1062.3547781399,956.679717573912,105.675060565988
2,1.2,1.2,0.41,0.03,0.014,3306.21808138403,1062.81458485357,961.448647464249,101.365937389321
2,1.2,1.2,0.46,0.02,0.01,3309.10786432858,1062.78576338512,961.310891751627,101.474871633493
2,1.2,1.2,0.46,0.02,0.014,3175.16590603302,1063.20520265653,965.700380251681,97.5048224048489
2,1.2,1.2,0.46,0.025,0.01,3317.72002864465,1062.76667578898,961.05102503623,101.71565075275
2,1.2,1.2,0.46,0.025,0.014,3183.42638822333,1063.18688973778,965.450037969738,97.7368517680419
2,1.2,1.2,0.46,0.03,0.01,3324.33717108762,1062.7531116128,960.850876732173,101.902234880627
2,1.2,1.2,0.46,0.03,0.014,3189.75665082447,1063.17389450192,965.257040068881,97.9168544330389
2.2,0.8,0.8,0.36,0.02,0.01,3438.08851799649,1051.59082022292,946.033547037435,105.557273185485
2.2,0.8,0.8,0.36,0.02,0.014,3296.64935277516,1052.52383975938,951.070671157406,101.453168601974
2.2,0.8,0.8,0.36,0.025,0.01,3441.20491988355,1051.58314165845,945.932387204484,105.650754453966
2.2,0.8,0.8,0.36,0.025,0.014,3299.83464857249,1052.51571536485,950.966167928649,101.549547436201
2.2,0.8,0.8,0.36,0.03,0.01,3443.46445230923,1051.58069582579,945.858854309936,105.721841515854
2.2,0.8,0.8,0.36,0.03,0.014,3302.13856597559,1052.5127626677,950.889846488533,101.622916179167
2.2,0.8,0.8,0.41,0.02,0.01,3325.43575958458,1052.30673017075,950.041114099475,102.265616071275
2.2,0.8,0.8,0.41,0.02,0.014,3189.96144769238,1053.18255984111,954.879362941023,98.3031969000871
2.2,0.8,0.8,0.41,0.025,0.01,3328.73584334127,1052.29884589034,949.933082958657,102.365762931683
2.2,0.8,0.8,0.41,0.025,0.014,3193.21663803407,1053.1746412953,954.771644201232,98.402997094068
2.2,0.8,0.8,0.41,0.03,0.01,3331.13594700755,1052.29645268072,949.855124362122,102.441328318598
2.2,0.8,0.8,0.41,0.03,0.014,3195.57542224368,1053.17200839235,954.693361249999,98.4786471423511
2.2,0.8,0.8,0.46,0.02,0.01,3213.17836937253,1053.01110881311,954.048892509833,98.9622163032771
2.2,0.8,0.8,0.46,0.02,0.014,3085.82129604065,1053.8243087587,958.609577947482,95.214730811218
2.2,0.8,0.8,0.46,0.025,0.01,3216.56217421406,1053.00317766227,953.937573153451,99.065604508819
2.2,0.8,0.8,0.46,0.025,0.014,3089.0954542251,1053.81652363806,958.500249632338,95.3162740057221
2.2,0.8,0.8,0.46,0.03,0.01,3219.01324500191,1053.00063688082,953.856206113016,99.1444307678039
2.2,0.8,0.8,0.46,0.03,0.014,3091.46655438147,1053.81402513563,958.420786375194,95.3932387604359
2.2,0.8,1,0.36,0.02,0.01,3425.06571063886,1055.25167233133,946.485832151559,108.765840179771
2.2,0.8,1,0.36,0.02,0.014,3283.27044660758,1056.02605863922,951.539665959398,104.486392679822
2.2,0.8,1,0.36,0.025,0.01,3429.6613528019,1055.23845697745,946.33467134062,108.90378563683
2.2,0.8,1,0.36,0.025,0.014,3287.936163158,1056.01250442059,951.384247451007,104.628256969583
2.2,0.8,1,0.36,0.03,0.01,3433.06211836365,1055.23132654396,946.222407972512,109.008918571448
2.2,0.8,1,0.36,0.03,0.014,3291.38960443932,1056.00499790588,951.268851375201,104.736146530679
2.2,0.8,1,0.41,0.02,0.01,3311.69290417268,1055.85140284623,950.523246813109,105.328156033121
2.2,0.8,1,0.41,0.02,0.014,3176.34475635128,1056.577013376,955.360749971745,101.216263404255
2.2,0.8,1,0.41,0.025,0.01,3316.53122775328,1055.83763459501,950.362583352119,105.475051242891
2.2,0.8,1,0.41,0.025,0.014,3181.10445821057,1056.56341258453,955.201059214225,101.362353370305
2.2,0.8,1,0.41,0.03,0.01,3320.11365438471,1055.83011050842,950.243046408158,105.587064100262
2.2,0.8,1,0.41,0.03,0.014,3184.62723610879,1056.55593265139,955.082514500997,101.473418150393
2.2,0.8,1,0.46,0.02,0.01,3199.12564098389,1056.43907564532,954.542737900114,101.896337745206
2.2,0.8,1,0.46,0.02,0.014,3072.14497214034,1057.11193935656,959.092335601944,98.019603754616
2.2,0.8,1,0.46,0.025,0.01,3204.07063621071,1056.42505131786,954.377258255178,102.047793062682
2.2,0.8,1,0.46,0.025,0.014,3076.92937321776,1057.09832008093,958.930454953856,98.167865127074
2.2,0.8,1,0.46,0.03,0.01,3207.73413191886,1056.41736747589,954.254343658494,102.163023817396
2.2,0.8,1,0.46,0.03,0.014,3080.47481200148,1057.09092545335,958.810916944374,98.2800085089762
2.2,0.8,1.2,0.36,0.02,0.01,3408.63142955431,1058.93726058193,947.06086586817,111.87639471376
2.2,0.8,1.2,0.36,0.02,0.014,3266.64831174975,1059.55210051135,952.126325686915,107.425774824435
2.2,0.8,1.2,0.36,0.025,0.01,3414.81436585218,1058.92037936655,946.855890737241,112.064488629309
2.2,0.8,1.2,0.36,0.025,0.014,3272.88190177301,1059.5349513837,951.916435218511,107.618516165189
2.2,0.8,1.2,0.36,0.03,0.01,3419.47436957684,1058.90960517151,946.700632369962,112.208972801548
2.2,0.8,1.2,0.36,0.03,0.014,3277.5873934133,1059.52394202334,951.757835272355,107.766106750985
2.2,0.8,1.2,0.41,0.02,0.01,3294.6255478769,1059.41848813038,951.124835606629,108.293652523751
2.2,0.8,1.2,0.41,0.02,0.014,3159.57919735338,1059.99324941616,955.954473127184,104.038776288976
2.2,0.8,1.2,0.41,0.025,0.01,3301.09336269391,1059.40077632917,950.907377812698,108.493398516472
2.2,0.8,1.2,0.41,0.025,0.014,3165.9336792753,1059.97591720436,955.739780347093,104.236136857267
2.2,0.8,1.2,0.41,0.03,0.01,3305.97972697551,1059.38945231788,950.743177043225,108.646275274655
2.2,0.8,1.2,0.41,0.03,0.014,3170.72697009935,1059.96477221393,955.577331972084,104.387440241846
2.2,0.8,1.2,0.46,0.02,0.01,3181.8588619853,1059.88803546203,955.153585590807,104.734449871223
2.2,0.8,1.2,0.46,0.02,0.014,3055.45363465849,1060.42036811517,959.686477010725,100.733891104445
2.2,0.8,1.2,0.46,0.025,0.01,3188.46295531392,1059.87002690574,954.930970526038,104.939056379702
2.2,0.8,1.2,0.46,0.025,0.014,3061.83775185485,1060.40290262414,959.468965644058,100.933936980082
2.2,0.8,1.2,0.46,0.03,0.01,3193.44749478337,1059.85842630938,954.762375888224,105.096050421156
2.2,0.8,1.2,0.46,0.03,0.014,3066.65476314096,1060.39170104143,959.304843961862,101.086857079568
2.2,1,0.8,0.36,0.02,0.01,3432.01217877255,1051.67609492242,946.282262684639,105.393832237781
2.2,1,0.8,0.36,0.02,0.014,3291.00760825768,1052.60142113285,951.30325487722,101.29816625563
2.2,1,0.8,0.36,0.025,0.01,3434.5189477009,1051.67201334225,946.198316821936,105.473696520314
2.2,1,0.8,0.36,0.025,0.014,3293.55559697629,1052.59683542357,951.216314326101,101.380521097469
2.2,1,0.8,0.36,0.03,0.01,3436.29576882975,1051.67245430904,946.137827712732,105.534626596308
2.2,1,0.8,0.36,0.03,0.014,3295.36831611375,1052.5968973701,951.154533374164,101.442363995936
2.2,1,0.8,0.41,0.02,0.01,3319.91620837888,1052.38863309079,950.27192950775,102.11670358304
2.2,1,0.8,0.41,0.02,0.014,3184.91080238531,1053.25742956509,955.091472426355,98.1659571387349
2.2,1,0.8,0.41,0.025,0.01,3322.56201065656,1052.38427595224,950.1817973832,102.20247856904
2.2,1,0.8,0.41,0.025,0.014,3187.51806197965,1053.25307105251,955.002362064303,98.250708988207
2.2,1,0.8,0.41,0.03,0.01,3324.44462843539,1052.38469571408,950.117506255446,102.267189458634
2.2,1,0.8,0.41,0.03,0.014,3189.36973452542,1053.25333396557,954.938764788989,98.3145691765809
2.2,1,0.8,0.46,0.02,0.01,3208.17477799468,1053.08917543148,954.258949252386,98.8302261790941
2.2,1,0.8,0.46,0.02,0.014,3081.26415886139,1053.89607992544,958.801056656521,95.095023268919
2.2,1,0.8,0.46,0.025,0.01,3210.87567271826,1053.08460445788,954.165222655125,98.919381802755
2.2,1,0.8,0.46,0.025,0.014,3083.88534720475,1053.89182394691,958.710766434184,95.1810575127261
2.2,1,0.8,0.46,0.03,0.01,3212.80289575814,1053.08497431193,954.098919927326,98.9860543846039
2.2,1,0.8,0.46,0.03,0.014,3085.74811902805,1053.89220254968,958.646489328654,95.245713221026
2.2,1,1,0.36,0.02,0.01,3413.95641544152,1055.22064446346,946.879537011376,108.341107452084
2.2,1,1,0.36,0.02,0.014,3272.60940091673,1055.99369461095,951.918926490571,104.074768120379
2.2,1,1,0.36,0.025,0.01,3418.54239329025,1055.20781732814,946.729354733276,108.478462594864
2.2,1,1,0.36,0.025,0.014,3277.25938596005,1055.98049766628,951.76461497148,104.2158826948
2.2,1,1,0.36,0.03,0.01,3421.93994069815,1055.20099411067,946.617614248339,108.583379862331
2.2,1,1,0.36,0.03,0.014,3280.70425609754,1055.97326765249,951.649803799233,104.323463853257
2.2,1,1,0.41,0.02,0.01,3301.01623439415,1055.81933516438,950.90282540905,104.91650975533
2.2,1,1,0.41,0.02,0.014,3166.28205587206,1056.54356746653,955.719812535332,100.823754931198
2.2,1,1,0.41,0.025,0.01,3305.84128480639,1055.80593951852,950.74325611367,105.06268340485
2.2,1,1,0.41,0.025,0.014,3171.02287110538,1056.53025338707,955.560779042496,100.969474344574
2.2,1,1,0.41,0.03,0.01,3309.41859391523,1055.79872022005,950.624410857877,105.174309362173
2.2,1,1,0.41,0.03,0.014,3174.54487049576,1056.52310823007,955.443347946681,101.079760283389
2.2,1,1,0.46,0.02,0.01,3188.97408921506,1056.40628066726,954.904296864859,101.501983802401
2.2,1,1,0.46,0.02,0.014,3062.65545284954,1057.07792000452,959.431747975728,97.646172028792
2.2,1,1,0.46,0.025,0.01,3193.90911232961,1056.39264783137,954.740268368137,101.652379463233
2.2,1,1,0.46,0.025,0.014,3067.43450961074,1057.06469504953,959.271489918943,97.793205130587
2.2,1,1,0.46,0.03,0.01,3197.5628940613,1056.38519140592,954.617614477995,101.767576927925
2.2,1,1,0.46,0.03,0.014,3070.97221708423,1057.057517807,959.152275664297,97.9052421427031
2.2,1,1.2,0.36,0.02,0.01,3398.61551570932,1058.9114667182,947.420809220273,111.490657497927
2.2,1,1.2,0.36,0.02,0.014,3257.0316983629,1059.52541516895,952.47205147461,107.05336369434
2.2,1,1.2,0.36,0.025,0.01,3404.78467246763,1058.89459811046,947.215487524834,111.679110585626
2.2,1,1.2,0.36,0.025,0.014,3263.25625353871,1059.50840556488,952.263336299072,107.245069265808
2.2,1,1.2,0.36,0.03,0.01,3409.43824440861,1058.88394233383,947.060577942259,111.823364391571
2.2,1,1.2,0.36,0.03,0.014,3267.94889640369,1059.4975113125,952.105314750679,107.392196561821
2.2,1,1.2,0.41,0.02,0.01,3284.90032292724,1059.39197079142,951.470973215773,107.920997575647
2.2,1,1.2,0.41,0.02,0.014,3150.4167064653,1059.96593970919,956.282478181915,103.683461527275
2.2,1,1.2,0.41,0.025,0.01,3291.3678730154,1059.37448546354,951.255370423765,108.119115039775
2.2,1,1.2,0.41,0.025,0.014,3156.76535210499,1059.94878630699,956.069326134999,103.879460171991
2.2,1,1.2,0.41,0.03,0.01,3296.25732213555,1059.36343114013,951.093116443633,108.270314696497
2.2,1,1.2,0.41,0.03,0.014,3161.5492154622,1059.93778241665,955.907727509374,104.030054907276
2.2,1,1.2,0.46,0.02,0.01,3172.58208878266,1059.86162346116,955.488159376272,104.373464084888
2.2,1,1.2,0.46,0.02,0.014,3046.7710198506,1060.39304805228,959.999461294842,100.393586757438
2.2,1,1.2,0.46,0.025,0.01,3179.16700723126,1059.84364666617,955.265659140468,104.577987525702
2.2,1,1.2,0.46,0.025,0.014,3053.1464395034,1060.37570947234,959.783079940445,100.592629531895
2.2,1,1.2,0.46,0.03,0.01,3184.13761759078,1059.83213687626,955.097405013085,104.734731863175
2.2,1,1.2,0.46,0.03,0.014,3057.94989364883,1060.36459510482,959.61935181935,100.74524328547
2.2,1.2,0.8,0.36,0.02,0.01,3418.14193697622,1051.59170294556,946.763600774616,104.828102170944
2.2,1.2,0.8,0.36,0.02,0.014,3277.71200478097,1052.51701164155,951.767162714955,100.749848926595
2.2,1.2,0.8,0.36,0.025,0.01,3420.92462409055,1051.58693653223,946.672184568159,104.914751964071
2.2,1.2,0.8,0.36,0.025,0.014,3280.5389622073,1052.51175186326,951.672946413612,100.838805449648
2.2,1.2,0.8,0.36,0.03,0.01,3422.92095246477,1051.58717661619,946.607019817118,104.980156799072
2.2,1.2,0.8,0.36,0.03,0.014,3282.56187004101,1052.51142509161,951.605389481188,100.906035610422
2.2,1.2,0.8,0.41,0.02,0.01,3306.53590611436,1052.30798679606,950.738149757074,101.569837038986
2.2,1.2,0.8,0.41,0.02,0.014,3172.31554094034,1053.17641483106,955.53310389646,97.6433109345999
2.2,1.2,0.8,0.41,0.025,0.01,3309.47197052474,1052.30284983924,950.640892701337,101.661957137903
2.2,1.2,0.8,0.41,0.025,0.014,3175.20097284797,1053.17116662007,955.436211489044,97.7349551310259
2.2,1.2,0.8,0.41,0.03,0.01,3311.57155607952,1052.30273851482,950.570701957199,101.732036557621
2.2,1.2,0.8,0.41,0.03,0.014,3177.26781540996,1053.17092577054,955.366949554565,97.8039762159749
2.2,1.2,0.8,0.46,0.02,0.01,3195.3980664281,1053.01140504042,954.70506171603,98.30634332439
2.2,1.2,0.8,0.46,0.02,0.014,3069.33238281031,1053.81790523827,959.220543876541,94.597361361729
2.2,1.2,0.8,0.46,0.025,0.01,3198.40163936232,1053.00608272089,954.605036757145,98.401045963745
2.2,1.2,0.8,0.46,0.025,0.014,3072.23218673179,1053.81266262688,959.122469862567,94.690192764313
2.2,1.2,0.8,0.46,0.03,0.01,3200.549750949,1053.00583252485,954.532893075515,98.4729394493349
2.2,1.2,0.8,0.46,0.03,0.014,3074.30652294403,1053.81239251419,959.052194114821,94.760198399369
2.2,1.2,1,0.36,0.02,0.01,3406.31667313132,1055.34035043043,947.187782466829,108.152567963601
2.2,1.2,1,0.36,0.02,0.014,3265.66154369162,1056.10441990859,952.201584225265,103.902835683325
2.2,1.2,1,0.36,0.025,0.01,3410.31760469925,1055.33022536577,947.052907531884,108.277317833886
2.2,1.2,1,0.36,0.025,0.014,3269.71062140143,1056.09394106615,952.063579839315,104.030361226835
2.2,1.2,1,0.36,0.03,0.01,3413.2423794548,1055.32574937611,946.953939519292,108.371809856818
2.2,1.2,1,0.36,0.03,0.014,3272.66981352932,1056.08909267252,951.962334222722,104.126758449798
2.2,1.2,1,0.41,0.02,0.01,3294.14916325876,1055.93457340091,951.182916415082,104.751656985828
2.2,1.2,1,0.41,0.02,0.014,3160.08919147241,1056.65055767243,955.97345782439,100.67709984804
2.2,1.2,1,0.41,0.025,0.01,3298.35305307808,1055.92382828039,951.039623106099,104.884205174291
2.2,1.2,1,0.41,0.025,0.014,3164.22362517719,1056.6400034771,955.832100508845,100.807902968255
2.2,1.2,1,0.41,0.03,0.01,3301.43654680767,1055.91903112235,950.935259155706,104.983771966644
2.2,1.2,1,0.41,0.03,0.014,3167.24385904959,1056.63511439978,955.728298371037,100.906816028743
2.2,1.2,1,0.46,0.02,0.01,3182.81207218002,1056.51706136985,955.158566859939,101.358494509911
2.2,1.2,1,0.46,0.02,0.014,3057.11555714909,1057.1813148435,959.661473549665,97.5198412938352
2.2,1.2,1,0.46,0.025,0.01,3187.10896162525,1056.5060449062,955.01147544524,101.49456946096
2.2,1.2,1,0.46,0.025,0.014,3061.27094088031,1057.17068105699,959.518284427132,97.6523966298579
2.2,1.2,1,0.46,0.03,0.01,3190.253429212,1056.5009447271,954.903627137339,101.597317589761
2.2,1.2,1,0.46,0.03,0.014,3064.30800744582,1057.16576276226,959.413439497782,97.7523232644782
2.2,1.2,1.2,0.36,0.02,0.01,3385.52100618998,1058.90186914514,947.880659940865,111.021209204275
2.2,1.2,1.2,0.36,0.02,0.014,3244.68873078228,1059.51355615701,952.907412379372,106.606143777638
2.2,1.2,1.2,0.36,0.025,0.01,3391.68274833537,1058.88538550469,947.677046622427,111.208338882263
2.2,1.2,1.2,0.36,0.025,0.014,3250.89325551552,1059.49685041009,952.700024818013,106.796825592077
2.2,1.2,1.2,0.36,0.03,0.01,3396.32717838257,1058.87488112639,947.52186952742,111.35301159897
2.2,1.2,1.2,0.36,0.03,0.014,3255.58034010097,1059.48619616158,952.542883524515,106.943312637065
2.2,1.2,1.2,0.41,0.02,0.01,3272.53814055294,1059.38073956183,951.909887784009,107.470851777821
2.2,1.2,1.2,0.41,0.02,0.014,3138.90065897863,1059.95248589058,956.692175943123,103.260309947457
2.2,1.2,1.2,0.41,0.025,0.01,3278.97782646674,1059.36345985076,951.694501429358,107.668958421402
2.2,1.2,1.2,0.41,0.025,0.014,3145.22336545847,1059.93554597306,956.479588959069,103.455957013991
2.2,1.2,1.2,0.41,0.03,0.01,3283.84893268129,1059.35250205863,951.531581713915,107.820920344715
2.2,1.2,1.2,0.41,0.03,0.014,3149.99149796324,1059.9246761804,956.317893388264,103.606782792136
2.2,1.2,1.2,0.46,0.02,0.01,3160.92177755776,1059.84863843804,955.89915943938,103.94947899866
2.2,1.2,1.2,0.46,0.02,0.014,3035.96726304609,1060.37822111429,960.38238637828,99.99583473601
2.2,1.2,1.2,0.46,0.025,0.01,3167.4966448526,1059.83105792239,955.678891859513,104.152166062877
2.2,1.2,1.2,0.46,0.025,0.014,3042.32763372809,1060.36117344206,960.167409064522,100.193764377538
2.2,1.2,1.2,0.46,0.03,0.01,3172.45569315393,1059.81971516055,955.510813766306,104.308901394244
2.2,1.2,1.2,0.46,0.03,0.014,3047.1280279061,1060.3502867812,960.004574464622,100.345712316578
